country,year,projected_cases,lower_ci,upper_ci
Afghanistan,2024,61408.3,15039.3,250741.7
Afghanistan,2025,65059.1,13555.1,312257.4
Afghanistan,2026,68927.0,12178.6,390104.6
Afghanistan,2027,73024.8,10916.1,488508.6
Afghanistan,2028,77366.2,9767.1,612827.5
Afghanistan,2029,81965.8,8726.9,769845.9
Afghanistan,2030,86838.8,7789.1,968148.3
Albania,2024,292.8,71.6,1198.2
Albania,2025,280.8,58.4,1351.0
Albania,2026,269.3,47.5,1528.2
Albania,2027,258.3,38.5,1732.6
Albania,2028,247.7,31.2,1968.0
Albania,2029,237.5,25.2,2238.3
Albania,2030,227.8,20.4,2548.6
Angola,2024,61767.9,15124.5,252258.9
Angola,2025,63148.7,13143.9,303393.3
Angola,2026,64560.3,11381.0,366227.4
Angola,2027,66003.4,9828.0,443268.0
Angola,2028,67478.8,8469.7,537609.6
Angola,2029,68987.2,7287.6,653056.5
Angola,2030,70529.4,6262.8,794276.8
Argentina,2024,14106.6,3454.7,57602.7
Argentina,2025,14723.7,3067.5,70671.2
Argentina,2026,15367.7,2715.1,86981.1
Argentina,2027,16039.9,2397.6,107307.6
Argentina,2028,16741.5,2113.4,132620.5
Argentina,2029,17473.8,1860.3,164130.9
Argentina,2030,18238.1,1635.8,203349.2
Armenia,2024,298.8,73.0,1221.9
Armenia,2025,262.8,54.6,1263.4
Armenia,2026,231.1,40.8,1310.6
Armenia,2027,203.3,30.3,1362.7
Armenia,2028,178.8,22.5,1419.4
Armenia,2029,157.2,16.7,1480.5
Armenia,2030,138.3,12.4,1546.0
Australia,2024,1345.9,329.4,5498.3
Australia,2025,1347.3,280.5,6469.9
Australia,2026,1348.6,238.1,7637.5
Australia,2027,1350.0,201.7,9037.0
Australia,2028,1351.3,170.5,10712.1
Australia,2029,1352.7,143.9,12715.3
Australia,2030,1354.1,121.3,15109.4
Austria,2024,363.1,88.8,1485.2
Austria,2025,346.3,72.0,1665.2
Austria,2026,330.3,58.2,1873.0
Austria,2027,315.0,47.0,2111.7
Austria,2028,300.4,37.8,2385.0
Austria,2029,286.5,30.4,2697.5
Austria,2030,273.2,24.4,3054.2
Azerbaijan,2024,2261.9,553.8,9238.4
Azerbaijan,2025,2228.6,464.2,10699.7
Azerbaijan,2026,2195.8,387.8,12431.6
Azerbaijan,2027,2163.4,323.3,14477.9
Azerbaijan,2028,2131.5,269.0,16891.2
Azerbaijan,2029,2100.1,223.5,19734.0
Azerbaijan,2030,2069.2,185.5,23080.3
Bahamas,2024,44.6,10.8,185.0
Bahamas,2025,44.1,9.0,215.1
Bahamas,2026,43.5,7.5,250.9
Bahamas,2027,43.0,6.3,293.4
Bahamas,2028,42.5,5.2,343.8
Bahamas,2029,41.9,4.4,403.3
Bahamas,2030,41.4,3.6,473.6
Bangladesh,2024,334758.2,81985.4,1366866.3
Bangladesh,2025,353032.5,73555.6,1694391.7
Bangladesh,2026,372304.4,65782.8,2107093.9
Bangladesh,2027,392628.4,58693.1,2626495.7
Bangladesh,2028,414061.8,52274.0,3279777.6
Bangladesh,2029,436665.3,46492.8,4101206.3
Bangladesh,2030,460502.7,41306.0,5133946.1
Belarus,2024,767.1,187.7,3134.1
Belarus,2025,677.6,141.1,3254.3
Belarus,2026,598.5,105.7,3389.8
Belarus,2027,528.6,79.0,3539.4
Belarus,2028,467.0,58.9,3702.1
Belarus,2029,412.5,43.9,3877.7
Belarus,2030,364.3,32.6,4066.1
Belgium,2024,846.6,155.5,4608.8
Belgium,2025,841.4,127.8,5537.2
Belgium,2026,836.1,104.8,6670.4
Belgium,2027,830.9,85.8,8051.7
Belgium,2028,825.8,70.1,9733.9
Belgium,2029,820.6,57.2,11781.6
Belgium,2030,815.5,46.6,14273.5
Belize,2024,83.0,20.2,341.5
Belize,2025,81.6,16.8,395.1
Belize,2026,80.2,14.0,458.6
Belize,2027,78.9,11.7,533.5
Belize,2028,77.6,9.7,621.8
Belize,2029,76.3,8.0,725.7
Belize,2030,75.0,6.6,847.9
Benin,2024,4333.0,1061.0,17695.1
Benin,2025,4401.5,916.9,21129.1
Benin,2026,4471.1,789.8,25310.1
Benin,2027,4541.8,678.8,30389.8
Benin,2028,4613.7,582.3,36554.1
Benin,2029,4686.7,498.9,44029.6
Benin,2030,4760.8,426.9,53091.7
Bhutan,2024,733.5,179.5,2997.5
Bhutan,2025,706.8,147.1,3395.8
Bhutan,2026,681.2,120.2,3859.3
Bhutan,2027,656.5,98.0,4396.4
Bhutan,2028,632.6,79.8,5017.2
Bhutan,2029,609.7,64.8,5733.6
Bhutan,2030,587.5,52.6,6559.4
Bolivia (Plurinational State of),2024,8218.9,2012.7,33561.6
Bolivia (Plurinational State of),2025,8279.5,1724.9,39741.5
Bolivia (Plurinational State of),2026,8340.6,1473.5,47209.3
Bolivia (Plurinational State of),2027,8402.1,1255.9,56212.6
Bolivia (Plurinational State of),2028,8464.1,1068.4,67052.4
Bolivia (Plurinational State of),2029,8526.5,907.7,80093.1
Bolivia (Plurinational State of),2030,8589.4,770.3,95774.1
Bosnia and Herzegovina,2024,361.1,88.3,1476.6
Bosnia and Herzegovina,2025,322.7,67.1,1551.1
Bosnia and Herzegovina,2026,288.3,50.9,1634.6
Bosnia and Herzegovina,2027,257.6,38.4,1726.5
Bosnia and Herzegovina,2028,230.2,29.0,1826.9
Bosnia and Herzegovina,2029,205.7,21.9,1935.9
Bosnia and Herzegovina,2030,183.8,16.4,2053.5
Botswana,2024,2813.6,688.9,11490.6
Botswana,2025,2585.9,538.7,12413.8
Botswana,2026,2376.6,419.8,13453.8
Botswana,2027,2184.3,326.4,14615.4
Botswana,2028,2007.5,253.4,15905.6
Botswana,2029,1845.0,196.4,17333.7
Botswana,2030,1695.7,152.1,18910.5
Brazil,2024,90794.6,22236.3,370729.8
Brazil,2025,92502.1,19273.0,443969.6
Brazil,2026,94241.6,16651.5,533373.5
Brazil,2027,96013.9,14352.8,642291.6
Brazil,2028,97819.4,12349.3,774832.8
Brazil,2029,99659.0,10610.8,936015.9
Brazil,2030,101533.1,9107.2,1131959.8
Brunei Darussalam,2024,252.4,61.6,1033.4
Brunei Darussalam,2025,255.2,53.0,1228.7
Brunei Darussalam,2026,258.0,45.4,1465.6
Brunei Darussalam,2027,260.9,38.9,1752.3
Brunei Darussalam,2028,263.8,33.2,2098.9
Brunei Darussalam,2029,266.8,28.3,2517.4
Brunei Darussalam,2030,269.8,24.1,3022.8
Bulgaria,2024,794.7,145.4,4342.3
Bulgaria,2025,732.7,110.9,4843.0
Bulgaria,2026,675.6,84.3,5415.9
Bulgaria,2027,622.9,63.9,6068.7
Bulgaria,2028,574.3,48.4,6810.6
Bulgaria,2029,529.5,36.6,7652.2
Bulgaria,2030,488.2,27.7,8606.0
Burkina Faso,2024,7772.6,1903.4,31740.0
Burkina Faso,2025,8099.2,1687.3,38876.8
Burkina Faso,2026,8439.5,1491.0,47770.1
Burkina Faso,2027,8794.1,1314.4,58836.3
Burkina Faso,2028,9163.5,1156.7,72595.5
Burkina Faso,2029,9548.5,1016.5,89696.0
Burkina Faso,2030,9949.7,892.3,110945.4
Burundi,2024,7477.2,1831.1,30533.4
Burundi,2025,7498.8,1562.2,35994.6
Burundi,2026,7520.5,1328.7,42567.8
Burundi,2027,7542.2,1127.3,50460.2
Burundi,2028,7564.0,954.8,59922.7
Burundi,2029,7585.9,807.6,71257.9
Burundi,2030,7607.8,682.3,84829.6
Cabo Verde,2024,155.9,38.0,638.8
Cabo Verde,2025,146.2,30.3,704.6
Cabo Verde,2026,137.1,24.1,779.7
Cabo Verde,2027,128.6,19.1,864.8
Cabo Verde,2028,120.7,15.2,960.9
Cabo Verde,2029,113.2,12.0,1069.2
Cabo Verde,2030,106.2,9.5,1191.0
Cambodia,2024,29278.2,7170.4,119549.6
Cambodia,2025,28654.2,5970.1,137529.9
Cambodia,2026,28043.5,4954.9,158718.9
Cambodia,2027,27445.8,4102.7,183604.2
Cambodia,2028,26860.9,3391.0,212770.5
Cambodia,2029,26288.4,2798.9,246910.7
Cambodia,2030,25728.1,2307.7,286840.7
Cameroon,2024,25534.9,6253.6,104265.2
Cameroon,2025,25782.9,5371.8,123749.3
Cameroon,2026,26033.3,4599.7,147342.6
Cameroon,2027,26286.1,3929.3,175847.8
Cameroon,2028,26541.4,3350.6,210242.3
Cameroon,2029,26799.2,2853.3,251711.5
Cameroon,2030,27059.5,2427.1,301688.2
Canada,2024,2051.5,501.1,8399.2
Canada,2025,2095.4,435.2,10088.4
Canada,2026,2140.2,376.8,12155.9
Canada,2027,2185.9,325.5,14681.6
Canada,2028,2232.7,280.6,17763.6
Canada,2029,2280.4,241.6,21522.4
Canada,2030,2329.2,207.8,26104.9
Central African Republic,2024,15553.3,3808.9,63510.0
Central African Republic,2025,16883.5,3517.5,81038.4
Central African Republic,2026,18327.5,3238.1,103734.4
Central African Republic,2027,19895.1,2973.8,133099.7
Central African Republic,2028,21596.7,2726.3,171082.8
Central African Republic,2029,23443.8,2495.9,220209.2
Central African Republic,2030,25448.9,2282.5,283750.7
Chad,2024,17226.5,4218.7,70341.5
Chad,2025,18172.8,3786.2,87225.6
Chad,2026,19171.1,3387.2,108507.2
Chad,2027,20224.3,3023.1,135299.5
Chad,2028,21335.3,2693.3,169008.5
Chad,2029,22507.3,2396.2,211407.5
Chad,2030,23743.7,2129.6,264731.1
Chile,2024,3114.0,762.5,12718.2
Chile,2025,3187.9,664.0,15304.5
Chile,2026,3263.5,576.5,18475.6
Chile,2027,3340.9,499.3,22356.2
Chile,2028,3420.1,431.6,27100.4
Chile,2029,3501.2,372.6,32896.6
Chile,2030,3584.2,321.4,39976.0
China,2024,523319.0,128165.9,2136784.4
China,2025,499124.9,103994.6,2395563.2
China,2026,476049.3,84113.8,2694243.6
China,2027,454040.6,67873.6,3037307.8
China,2028,433049.4,54671.3,3430169.9
China,2029,413028.6,43976.3,3879198.3
China,2030,393933.4,35335.0,4391782.3
"China, Hong Kong SAR",2024,2964.3,720.1,12202.8
"China, Hong Kong SAR",2025,2837.1,583.4,13795.7
"China, Hong Kong SAR",2026,2715.3,471.0,15655.0
"China, Hong Kong SAR",2027,2598.7,379.1,17813.7
"China, Hong Kong SAR",2028,2487.2,304.6,20312.1
"China, Hong Kong SAR",2029,2380.4,244.3,23197.7
"China, Hong Kong SAR",2030,2278.2,195.7,26526.5
"China, Macao SAR",2024,281.8,68.9,1153.1
"China, Macao SAR",2025,273.2,56.8,1314.7
"China, Macao SAR",2026,265.0,46.7,1503.7
"China, Macao SAR",2027,256.9,38.3,1724.0
"China, Macao SAR",2028,249.2,31.4,1980.1
"China, Macao SAR",2029,241.6,25.6,2277.4
"China, Macao SAR",2030,234.3,20.9,2622.1
Colombia,2024,17846.0,4370.5,72870.9
Colombia,2025,18644.6,3884.5,89489.9
Colombia,2026,19479.0,3441.6,110249.4
Colombia,2027,20350.7,3042.0,136144.9
Colombia,2028,21261.5,2684.0,168422.9
Colombia,2029,22213.0,2364.9,208641.5
Colombia,2030,23207.0,2081.5,258745.4
Comoros,2024,119.1,25.3,561.3
Comoros,2025,120.6,21.6,673.2
Comoros,2026,122.1,18.4,810.8
Comoros,2027,123.6,15.6,979.3
Comoros,2028,125.1,13.2,1185.5
Comoros,2029,126.7,11.2,1437.8
Comoros,2030,128.3,9.4,1746.1
Congo,2024,19088.4,4542.8,80208.2
Congo,2025,21241.3,4251.6,106122.4
Congo,2026,23637.1,3964.0,140945.6
Congo,2027,26303.1,3685.6,187717.6
Congo,2028,29269.7,3419.6,250532.3
Congo,2029,32571.0,3167.7,334900.6
Congo,2030,36244.6,2930.7,448239.4
Costa Rica,2024,415.7,65.8,2626.1
Costa Rica,2025,415.3,53.9,3202.3
Costa Rica,2026,414.9,44.0,3915.1
Costa Rica,2027,414.5,35.8,4795.9
Costa Rica,2028,414.0,29.1,5883.6
Costa Rica,2029,413.6,23.7,7226.7
Costa Rica,2030,413.2,19.2,8884.6
Croatia,2024,212.9,52.0,871.5
Croatia,2025,195.9,40.7,943.2
Croatia,2026,180.4,31.8,1024.0
Croatia,2027,166.0,24.7,1114.3
Croatia,2028,152.8,19.2,1214.8
Croatia,2029,140.6,14.9,1326.1
Croatia,2030,129.4,11.6,1449.3
Cuba,2024,693.2,169.6,2833.1
Cuba,2025,691.2,143.9,3321.3
Cuba,2026,689.3,121.6,3906.1
Cuba,2027,687.4,102.6,4604.7
Cuba,2028,685.5,86.4,5437.8
Cuba,2029,683.6,72.7,6430.7
Cuba,2030,681.7,61.0,7613.0
Cyprus,2024,83.2,20.2,343.0
Cyprus,2025,87.3,18.0,423.7
Cyprus,2026,91.6,16.0,525.0
Cyprus,2027,96.1,14.2,652.1
Cyprus,2028,100.9,12.5,811.5
Cyprus,2029,105.9,11.1,1011.3
Cyprus,2030,111.1,9.8,1261.5
Czechia,2024,381.2,93.2,1559.1
Czechia,2025,371.1,77.2,1784.6
Czechia,2026,361.3,63.7,2049.1
Czechia,2027,351.7,52.5,2358.3
Czechia,2028,342.4,43.1,2719.1
Czechia,2029,333.4,35.4,3139.5
Czechia,2030,324.6,29.0,3628.8
Côte d'Ivoire,2024,20707.9,5071.4,84555.8
Côte d'Ivoire,2025,20568.3,4285.3,98721.7
Côte d'Ivoire,2026,20429.7,3609.6,115628.4
Côte d'Ivoire,2027,20292.0,3033.3,135749.6
Côte d'Ivoire,2028,20155.3,2544.4,159656.9
Côte d'Ivoire,2029,20019.5,2131.4,188034.0
Côte d'Ivoire,2030,19884.6,1783.5,221695.9
Democratic People's Republic of Korea,2024,81438.7,19876.8,333668.7
Democratic People's Republic of Korea,2025,79741.2,16578.0,383560.9
Democratic People's Republic of Korea,2026,78079.1,13777.7,442480.0
Democratic People's Republic of Korea,2027,76451.7,11420.3,511794.0
Democratic People's Republic of Korea,2028,74858.1,9447.5,593148.0
Democratic People's Republic of Korea,2029,73297.8,7803.3,688496.5
Democratic People's Republic of Korea,2030,71770.0,6437.5,800145.9
Democratic Republic of the Congo,2024,280049.0,68586.5,1143481.8
Democratic Republic of the Congo,2025,305937.8,63743.2,1468360.7
Democratic Republic of the Congo,2026,334219.9,59053.6,1891553.2
Democratic Republic of the Congo,2027,365116.5,54580.3,2442457.8
Democratic Republic of the Congo,2028,398869.2,50355.9,3159442.6
Democratic Republic of the Congo,2029,435742.2,46394.4,4092544.4
Democratic Republic of the Congo,2030,476023.9,42698.1,5306996.5
Denmark,2024,176.9,43.2,724.9
Denmark,2025,166.9,34.6,804.1
Denmark,2026,157.5,27.7,894.7
Denmark,2027,148.5,22.1,998.0
Denmark,2028,140.1,17.6,1115.2
Denmark,2029,132.2,14.0,1247.8
Denmark,2030,124.7,11.1,1397.8
Djibouti,2024,1648.6,303.0,8969.9
Djibouti,2025,1640.9,249.5,10793.4
Djibouti,2026,1633.3,204.9,13022.5
Djibouti,2027,1625.7,167.9,15743.4
Djibouti,2028,1618.2,137.4,19061.8
Djibouti,2029,1610.7,112.3,23107.3
Djibouti,2030,1603.2,91.7,28037.8
Dominican Republic,2024,4504.7,1103.0,18396.4
Dominican Republic,2025,4658.8,970.5,22364.3
Dominican Republic,2026,4818.2,851.1,27274.8
Dominican Republic,2027,4983.0,744.7,33341.8
Dominican Republic,2028,5153.5,650.4,40831.2
Dominican Republic,2029,5329.8,567.3,50072.1
Dominican Republic,2030,5512.1,494.3,61471.1
Ecuador,2024,6654.1,1564.3,28305.2
Ecuador,2025,6826.7,1365.3,34135.2
Ecuador,2026,7003.9,1187.7,41302.5
Ecuador,2027,7185.6,1030.6,50098.0
Ecuador,2028,7372.1,892.7,60880.9
Ecuador,2029,7563.3,772.1,74092.8
Ecuador,2030,7759.6,667.0,90276.2
Egypt,2024,8622.0,2111.4,35207.7
Egypt,2025,8699.7,1812.4,41758.3
Egypt,2026,8778.1,1550.9,49685.6
Egypt,2027,8857.2,1323.9,59257.1
Egypt,2028,8937.1,1128.1,70798.8
Egypt,2029,9017.6,960.0,84705.3
Egypt,2030,9098.9,816.0,101453.7
El Salvador,2024,4096.0,1002.9,16728.0
El Salvador,2025,4309.4,897.7,20687.9
El Salvador,2026,4533.9,800.9,25666.7
El Salvador,2027,4770.1,712.9,31918.9
El Salvador,2028,5018.6,633.4,39764.9
El Salvador,2029,5280.1,562.0,49608.1
El Salvador,2030,5555.2,498.1,61955.2
Equatorial Guinea,2024,3723.4,853.3,16247.5
Equatorial Guinea,2025,4268.4,814.6,22365.6
Equatorial Guinea,2026,4893.3,774.8,30906.5
Equatorial Guinea,2027,5609.7,734.8,42828.6
Equatorial Guinea,2028,6431.0,695.4,59473.3
Equatorial Guinea,2029,7372.5,657.1,82717.8
Equatorial Guinea,2030,8451.8,620.1,115189.3
Eritrea,2024,1779.0,435.6,7266.7
Eritrea,2025,1723.5,359.0,8275.2
Eritrea,2026,1669.7,294.9,9453.7
Eritrea,2027,1617.5,241.7,10825.6
Eritrea,2028,1567.0,197.7,12418.6
Eritrea,2029,1518.1,161.5,14265.8
Eritrea,2030,1470.7,131.8,16405.6
Estonia,2024,74.5,18.1,306.3
Estonia,2025,67.8,14.0,327.8
Estonia,2026,61.7,10.8,352.0
Estonia,2027,56.1,8.3,378.9
Estonia,2028,51.1,6.4,408.6
Estonia,2029,46.5,4.9,441.1
Estonia,2030,42.3,3.7,476.9
Eswatini,2024,1638.6,401.2,6692.6
Eswatini,2025,1461.0,304.3,7014.7
Eswatini,2026,1302.7,230.1,7375.8
Eswatini,2027,1161.6,173.6,7773.6
Eswatini,2028,1035.7,130.7,8207.6
Eswatini,2029,923.5,98.3,8677.8
Eswatini,2030,823.5,73.8,9184.9
Ethiopia,2024,154957.2,37950.3,632714.6
Ethiopia,2025,164211.7,34214.0,788142.5
Ethiopia,2026,174018.9,30747.5,984881.3
Ethiopia,2027,184411.9,27567.2,1233632.5
Ethiopia,2028,195425.5,24671.8,1547970.1
Ethiopia,2029,207097.0,22050.0,1945086.3
Ethiopia,2030,219465.4,19685.4,2446739.1
Fiji,2024,588.0,143.8,2404.6
Fiji,2025,631.4,131.3,3036.0
Fiji,2026,678.1,119.6,3845.5
Fiji,2027,728.2,108.6,4882.3
Fiji,2028,782.1,98.5,6209.9
Fiji,2029,839.9,89.2,7909.3
Fiji,2030,902.0,80.7,10084.7
Finland,2024,169.5,41.4,694.7
Finland,2025,162.8,33.8,784.6
Finland,2026,156.4,27.5,888.9
Finland,2027,150.2,22.3,1009.5
Finland,2028,144.2,18.1,1148.5
Finland,2029,138.5,14.7,1308.4
Finland,2030,133.0,11.9,1492.2
France,2024,4211.8,762.1,23275.5
France,2025,4144.5,565.9,30352.6
France,2026,4078.4,416.8,39902.7
France,2027,4013.3,305.4,52739.5
France,2028,3949.2,222.9,69964.9
France,2029,3886.1,162.3,93063.7
France,2030,3824.1,117.9,124032.7
Gabon,2024,5424.2,1328.3,22150.9
Gabon,2025,5554.2,1157.1,26661.6
Gabon,2026,5687.3,1004.7,32193.1
Gabon,2027,5823.5,870.4,38964.0
Gabon,2028,5963.1,752.7,47243.1
Gabon,2029,6105.9,650.0,57360.6
Gabon,2030,6252.3,560.7,69720.5
Gambia,2024,3186.5,780.2,13014.4
Gambia,2025,3360.6,700.0,16134.0
Gambia,2026,3544.2,626.0,20065.2
Gambia,2027,3737.8,558.5,25013.0
Gambia,2028,3941.9,497.5,31236.7
Gambia,2029,4157.3,442.4,39062.8
Gambia,2030,4384.4,393.1,48902.9
Georgia,2024,1140.1,279.1,4657.4
Georgia,2025,1033.9,215.3,4964.9
Georgia,2026,937.6,165.6,5309.6
Georgia,2027,850.3,127.0,5691.6
Georgia,2028,771.1,97.3,6112.0
Georgia,2029,699.3,74.4,6572.6
Georgia,2030,634.2,56.8,7075.5
Germany,2024,4420.4,1082.4,18052.1
Germany,2025,4389.7,914.5,21072.1
Germany,2026,4359.2,770.1,24675.9
Germany,2027,4328.9,647.0,28964.0
Germany,2028,4298.8,542.6,34058.1
Germany,2029,4268.9,454.4,40103.5
Germany,2030,4239.2,380.1,47273.3
Ghana,2024,17015.9,4167.2,69481.4
Ghana,2025,17308.7,3606.2,83077.5
Ghana,2026,17606.5,3110.7,99650.7
Ghana,2027,17909.4,2677.1,119811.9
Ghana,2028,18217.5,2299.8,144309.4
Ghana,2029,18530.9,1972.9,174056.0
Ghana,2030,18849.7,1690.7,210162.7
Guam,2024,60.9,14.7,251.3
Guam,2025,60.2,12.4,292.6
Guam,2026,59.6,10.4,341.7
Guam,2027,58.9,8.7,400.0
Guam,2028,58.3,7.2,469.2
Guam,2029,57.6,6.0,551.0
Guam,2030,57.0,5.0,647.8
Guatemala,2024,4393.4,1075.8,17942.1
Guatemala,2025,4557.3,949.3,21877.2
Guatemala,2026,4727.3,835.1,26760.3
Guatemala,2027,4903.6,732.8,32810.7
Guatemala,2028,5086.5,642.0,40300.8
Guatemala,2029,5276.2,561.6,49569.1
Guatemala,2030,5473.0,490.8,61035.4
Guinea,2024,23431.7,5738.4,95678.5
Guinea,2025,25376.7,5287.1,121801.4
Guinea,2026,27483.1,4855.8,155550.9
Guinea,2027,29764.4,4449.2,199120.4
Guinea,2028,32235.1,4069.3,255348.7
Guinea,2029,34910.8,3716.8,327907.5
Guinea,2030,37808.7,3391.1,421542.5
Guinea-Bissau,2024,2781.3,681.0,11359.8
Guinea-Bissau,2025,2857.0,595.1,13716.5
Guinea-Bissau,2026,2934.7,518.4,16615.0
Guinea-Bissau,2027,3014.5,450.5,20173.4
Guinea-Bissau,2028,3096.5,390.8,24537.7
Guinea-Bissau,2029,3180.8,338.5,29887.5
Guinea-Bissau,2030,3267.3,292.9,36443.2
Guyana,2024,370.3,90.6,1514.6
Guyana,2025,351.4,73.1,1689.8
Guyana,2026,333.5,58.8,1891.3
Guyana,2027,316.5,47.2,2121.7
Guyana,2028,300.3,37.8,2384.5
Guyana,2029,285.0,30.3,2683.6
Guyana,2030,270.5,24.2,3023.5
Haiti,2024,10934.7,2677.9,44650.3
Haiti,2025,10517.9,2191.3,50484.2
Haiti,2026,10117.0,1787.5,57262.2
Haiti,2027,9731.5,1454.6,65103.5
Haiti,2028,9360.6,1181.6,74150.6
Haiti,2029,9003.8,958.6,84571.7
Haiti,2030,8660.6,776.8,96562.3
Honduras,2024,2865.1,701.5,11701.7
Honduras,2025,2930.1,610.3,14067.4
Honduras,2026,2996.6,529.3,16965.2
Honduras,2027,3064.6,458.0,20508.2
Honduras,2028,3134.2,395.5,24835.4
Honduras,2029,3205.3,341.1,30117.2
Honduras,2030,3278.0,293.9,36562.1
Hungary,2024,369.8,90.4,1512.2
Hungary,2025,338.8,70.5,1628.8
Hungary,2026,310.4,54.7,1759.9
Hungary,2027,284.4,42.4,1906.0
Hungary,2028,260.5,32.8,2068.0
Hungary,2029,238.7,25.4,2246.8
Hungary,2030,218.7,19.6,2443.8
Iceland,2024,13.7,3.2,59.2
Iceland,2025,14.2,2.8,72.9
Iceland,2026,14.8,2.4,90.0
Iceland,2027,15.4,2.1,111.4
Iceland,2028,16.0,1.8,138.2
Iceland,2029,16.6,1.6,171.6
Iceland,2030,17.3,1.4,213.5
India,2024,2547367.9,623875.4,10401249.1
India,2025,2688423.0,560143.9,12903145.6
India,2026,2837288.7,501324.7,16057872.1
India,2027,2994397.5,447626.5,20031021.8
India,2028,3160205.9,398967.6,25031858.6
India,2029,3335195.6,355107.6,31324389.8
India,2030,3519874.9,315725.6,39241410.8
Indonesia,2024,778487.4,190659.0,3178672.5
Indonesia,2025,843970.3,175844.5,4050658.1
Indonesia,2026,914961.3,161665.6,5178305.6
Indonesia,2027,991923.7,148280.5,6635482.1
Indonesia,2028,1075359.9,135761.1,8517892.8
Indonesia,2029,1165814.4,124127.3,10949427.0
Indonesia,2030,1263877.5,113367.1,14090392.4
Iran (Islamic Republic of),2024,6920.5,1694.7,28259.8
Iran (Islamic Republic of),2025,6653.3,1386.1,31935.6
Iran (Islamic Republic of),2026,6396.4,1130.1,36204.7
Iran (Islamic Republic of),2027,6149.4,919.1,41141.1
Iran (Islamic Republic of),2028,5911.9,746.3,46834.1
Iran (Islamic Republic of),2029,5683.6,605.1,53388.6
Iran (Islamic Republic of),2030,5464.2,490.1,60926.6
Iraq,2024,6314.9,1546.4,25787.0
Iraq,2025,6158.4,1283.0,29560.8
Iraq,2026,6005.8,1061.0,33994.7
Iraq,2027,5857.0,875.4,39186.0
Iraq,2028,5711.9,721.0,45250.6
Iraq,2029,5570.4,593.0,52326.0
Iraq,2030,5432.4,487.2,60573.7
Ireland,2024,183.7,44.8,752.6
Ireland,2025,174.3,36.2,839.6
Ireland,2026,165.4,29.1,939.7
Ireland,2027,156.9,23.4,1054.2
Ireland,2028,148.9,18.7,1184.7
Ireland,2029,141.2,15.0,1333.3
Ireland,2030,134.0,12.0,1502.1
Israel,2024,178.3,43.5,730.2
Israel,2025,167.8,34.8,808.3
Israel,2026,158.0,27.8,897.6
Israel,2027,148.7,22.1,999.2
Israel,2028,140.0,17.6,1114.1
Israel,2029,131.8,14.0,1244.1
Israel,2030,124.1,11.1,1390.7
Jamaica,2024,84.6,15.4,466.5
Jamaica,2025,83.3,12.5,556.0
Jamaica,2026,82.0,10.1,664.4
Jamaica,2027,80.7,8.2,795.6
Jamaica,2028,79.5,6.6,954.1
Jamaica,2029,78.2,5.3,1145.6
Jamaica,2030,77.0,4.3,1376.8
Japan,2024,10667.9,2612.5,43561.1
Japan,2025,10222.2,2129.7,49064.7
Japan,2026,9795.1,1730.6,55439.9
Japan,2027,9385.8,1403.0,62791.1
Japan,2028,8993.6,1135.3,71244.0
Japan,2029,8617.8,917.5,80946.6
Japan,2030,8257.8,740.6,92070.7
Jordan,2024,310.2,75.8,1269.4
Jordan,2025,306.2,63.6,1473.2
Jordan,2026,302.2,53.3,1715.0
Jordan,2027,298.3,44.5,2001.3
Jordan,2028,294.4,37.1,2339.5
Jordan,2029,290.6,30.8,2738.6
Jordan,2030,286.8,25.6,3209.4
Kazakhstan,2024,4725.2,1157.1,19295.9
Kazakhstan,2025,4289.0,893.5,20587.5
Kazakhstan,2026,3893.0,687.8,22035.5
Kazakhstan,2027,3533.5,528.1,23641.0
Kazakhstan,2028,3207.3,404.8,25408.7
Kazakhstan,2029,2911.1,309.9,27346.4
Kazakhstan,2030,2642.4,237.0,29463.8
Kenya,2024,88730.7,21730.8,362302.1
Kenya,2025,89001.0,18543.6,427165.9
Kenya,2026,89272.1,15773.5,505247.9
Kenya,2027,89544.1,13385.6,599011.5
Kenya,2028,89816.9,11339.0,711444.0
Kenya,2029,90090.5,9592.1,846146.9
Kenya,2030,90365.0,8105.4,1007449.6
Kiribati,2024,459.9,112.5,1880.9
Kiribati,2025,465.7,96.9,2239.1
Kiribati,2026,471.5,83.2,2674.0
Kiribati,2027,477.5,71.2,3201.0
Kiribati,2028,483.5,60.9,3838.7
Kiribati,2029,489.6,52.0,4609.8
Kiribati,2030,495.7,44.3,5541.9
Kuwait,2024,488.6,111.9,2134.0
Kuwait,2025,461.5,88.0,2420.8
Kuwait,2026,436.0,68.9,2756.7
Kuwait,2027,411.8,53.9,3148.1
Kuwait,2028,389.0,42.0,3602.5
Kuwait,2029,367.5,32.7,4129.0
Kuwait,2030,347.1,25.4,4738.4
Kyrgyzstan,2024,3667.3,840.5,16000.3
Kyrgyzstan,2025,3480.4,664.4,18232.8
Kyrgyzstan,2026,3303.0,523.1,20857.1
Kyrgyzstan,2027,3134.7,410.7,23925.8
Kyrgyzstan,2028,2974.9,321.8,27503.2
Kyrgyzstan,2029,2823.3,251.7,31665.7
Kyrgyzstan,2030,2679.4,196.7,36503.2
Lao People's Democratic Republic,2024,10125.1,2479.5,41346.0
Lao People's Democratic Republic,2025,11008.9,2293.5,52843.2
Lao People's Democratic Republic,2026,11969.9,2114.7,67752.8
Lao People's Democratic Republic,2027,13014.7,1945.3,87073.9
Lao People's Democratic Republic,2028,14150.8,1786.2,112104.6
Lao People's Democratic Republic,2029,15386.0,1637.9,144530.3
Lao People's Democratic Republic,2030,16729.1,1500.3,186537.8
Lebanon,2024,535.9,131.1,2190.8
Lebanon,2025,523.9,109.0,2518.1
Lebanon,2026,512.3,90.4,2903.6
Lebanon,2027,500.8,74.7,3355.9
Lebanon,2028,489.7,61.7,3885.7
Lebanon,2029,478.8,50.9,4505.3
Lebanon,2030,468.1,41.9,5229.3
Lesotho,2024,5425.6,1328.6,22156.1
Lesotho,2025,5174.8,1078.1,24839.5
Lesotho,2026,4935.5,871.9,27936.7
Lesotho,2027,4707.3,703.6,31494.1
Lesotho,2028,4489.6,566.7,35568.0
Lesotho,2029,4282.0,455.8,40224.3
Lesotho,2030,4084.1,366.3,45539.6
Libya,2024,2494.9,610.8,10190.8
Libya,2025,2656.5,553.3,12755.2
Libya,2026,2828.6,499.6,16015.9
Libya,2027,3011.8,450.0,20157.7
Libya,2028,3206.9,404.6,25415.8
Libya,2029,3414.6,363.3,32089.7
Libya,2030,3635.8,325.9,40560.3
Lithuania,2024,553.8,135.5,2263.5
Lithuania,2025,508.4,105.8,2442.5
Lithuania,2026,466.6,82.4,2644.1
Lithuania,2027,428.3,63.9,2869.1
Lithuania,2028,393.2,49.6,3118.7
Lithuania,2029,360.9,38.4,3394.8
Lithuania,2030,331.3,29.7,3699.3
Madagascar,2024,49541.0,12132.9,202286.4
Madagascar,2025,53037.0,11050.2,254557.3
Madagascar,2026,56779.6,10032.2,321356.3
Madagascar,2027,60786.4,9086.6,406640.7
Madagascar,2028,65075.9,8215.4,515477.5
Madagascar,2029,69668.0,7417.5,654347.0
Madagascar,2030,74584.3,6689.8,831532.1
Malawi,2024,17161.6,4202.9,70076.0
Malawi,2025,17187.7,3581.0,82496.6
Malawi,2026,17213.9,3041.4,97428.2
Malawi,2027,17240.0,2577.0,115333.7
Malawi,2028,17266.3,2179.7,136773.7
Malawi,2029,17292.5,1841.1,162423.3
Malawi,2030,17318.8,1553.4,193093.1
Malaysia,2024,25758.0,6308.2,105176.2
Malaysia,2025,25983.5,5413.6,124712.3
Malaysia,2026,26211.0,4631.1,148348.6
Malaysia,2027,26440.5,3952.4,176880.7
Malaysia,2028,26672.1,3367.1,211277.0
Malaysia,2029,26905.6,2864.6,252710.7
Malaysia,2030,27141.2,2434.4,302598.9
Maldives,2024,130.7,31.8,536.6
Maldives,2025,130.5,27.0,630.0
Maldives,2026,130.2,22.9,741.9
Maldives,2027,130.0,19.3,875.8
Maldives,2028,129.7,16.3,1035.7
Maldives,2029,129.5,13.7,1226.5
Maldives,2030,129.2,11.5,1454.1
Mali,2024,8524.5,2087.5,34809.9
Mali,2025,8833.6,1840.3,42401.7
Mali,2026,9154.0,1617.2,51813.9
Mali,2027,9486.0,1417.9,63464.6
Mali,2028,9830.0,1240.8,77873.9
Mali,2029,10186.5,1084.4,95686.9
Mali,2030,10555.9,946.7,117702.3
Marshall Islands,2024,237.7,58.0,973.7
Marshall Islands,2025,245.3,50.9,1181.6
Marshall Islands,2026,253.1,44.5,1438.5
Marshall Islands,2027,261.2,38.9,1755.4
Marshall Islands,2028,269.6,33.9,2145.9
Marshall Islands,2029,278.2,29.5,2627.0
Marshall Islands,2030,287.1,25.6,3219.5
Mauritius,2024,110.1,26.8,452.4
Mauritius,2025,108.5,22.5,524.4
Mauritius,2026,106.9,18.8,609.7
Mauritius,2027,105.4,15.6,710.6
Mauritius,2028,103.8,13.0,829.8
Mauritius,2029,102.3,10.8,970.2
Mauritius,2030,100.8,9.0,1135.6
Mexico,2024,26491.6,6487.9,108172.0
Mexico,2025,27086.7,5643.4,130007.2
Mexico,2026,27695.1,4893.3,156748.1
Mexico,2027,28317.1,4232.9,189434.8
Mexico,2028,28953.2,3655.1,229346.6
Mexico,2029,29603.5,3151.8,278050.9
Mexico,2030,30268.4,2714.9,337465.1
Micronesia (Federated States of),2024,161.2,26.7,973.5
Micronesia (Federated States of),2025,165.2,22.0,1239.2
Micronesia (Federated States of),2026,169.3,18.1,1582.5
Micronesia (Federated States of),2027,173.5,14.9,2025.8
Micronesia (Federated States of),2028,177.9,12.2,2597.8
Micronesia (Federated States of),2029,182.3,10.0,3336.0
Micronesia (Federated States of),2030,186.8,8.1,4288.4
Mongolia,2024,2815.5,689.4,11498.6
Mongolia,2025,2695.1,561.4,12938.2
Mongolia,2026,2579.8,455.7,14604.4
Mongolia,2027,2469.4,369.0,16524.1
Mongolia,2028,2363.8,298.3,18729.6
Mongolia,2029,2262.7,240.8,21258.7
Mongolia,2030,2165.9,194.2,24155.6
Montenegro,2024,61.1,14.8,252.1
Montenegro,2025,58.2,12.0,282.5
Montenegro,2026,55.5,9.7,317.7
Montenegro,2027,52.8,7.8,358.1
Montenegro,2028,50.3,6.3,404.3
Montenegro,2029,47.9,5.0,457.2
Montenegro,2030,45.7,4.0,517.5
Morocco,2024,32186.2,7882.6,131423.7
Morocco,2025,32426.8,6756.1,155637.1
Morocco,2026,32669.2,5772.2,184899.0
Morocco,2027,32913.4,4920.0,220180.5
Morocco,2028,33159.4,4186.1,262662.5
Morocco,2029,33407.2,3556.8,313773.9
Morocco,2030,33656.9,3018.8,375239.0
Mozambique,2024,164263.7,40229.5,670715.8
Mozambique,2025,187374.5,39039.9,899315.4
Mozambique,2026,213736.8,37765.1,1209672.5
Mozambique,2027,243808.0,36446.0,1630971.2
Mozambique,2028,278110.1,35110.3,2202924.9
Mozambique,2029,317238.3,33776.8,2979563.5
Mozambique,2030,361871.5,32458.7,4034391.6
Myanmar,2024,120721.7,29565.8,492925.7
Myanmar,2025,119313.4,24859.3,572650.7
Myanmar,2026,117921.6,20835.6,667391.2
Myanmar,2027,116545.9,17422.1,779639.6
Myanmar,2028,115186.4,14541.9,912393.5
Myanmar,2029,113842.7,12121.0,1069227.2
Myanmar,2030,112514.6,10092.2,1254383.4
Namibia,2024,8331.3,2040.2,34020.6
Namibia,2025,8308.7,1731.0,39881.6
Namibia,2026,8286.2,1464.0,46901.3
Namibia,2027,8263.8,1235.2,55286.7
Namibia,2028,8241.4,1040.3,65287.6
Namibia,2029,8219.1,875.0,77204.2
Namibia,2030,8196.8,735.1,91395.2
Nepal,2024,33461.4,8194.9,136630.3
Nepal,2025,33568.6,6994.0,161117.1
Nepal,2026,33676.2,5950.1,190598.0
Nepal,2027,33784.1,5050.2,226004.8
Nepal,2028,33892.3,4278.7,268467.8
Nepal,2029,34000.9,3620.0,319349.4
Nepal,2030,34109.8,3059.5,380287.8
Netherlands (Kingdom of the),2024,663.7,121.9,3613.8
Netherlands (Kingdom of the),2025,648.2,98.5,4267.0
Netherlands (Kingdom of the),2026,633.1,79.3,5051.9
Netherlands (Kingdom of the),2027,618.3,63.8,5993.2
Netherlands (Kingdom of the),2028,603.9,51.2,7120.7
Netherlands (Kingdom of the),2029,589.8,41.1,8470.4
Netherlands (Kingdom of the),2030,576.1,32.9,10085.4
New Caledonia,2024,32.0,6.4,161.3
New Caledonia,2025,31.2,5.1,189.5
New Caledonia,2026,30.4,4.1,223.6
New Caledonia,2027,29.6,3.3,264.7
New Caledonia,2028,28.9,2.7,314.1
New Caledonia,2029,28.1,2.1,373.3
New Caledonia,2030,27.4,1.7,444.4
New Zealand,2024,297.4,72.7,1217.1
New Zealand,2025,298.1,62.0,1434.8
New Zealand,2026,298.9,52.7,1696.7
New Zealand,2027,299.7,44.7,2011.2
New Zealand,2028,300.5,37.8,2388.3
New Zealand,2029,301.2,32.0,2840.0
New Zealand,2030,302.0,27.0,3380.8
Niger,2024,14388.2,3523.6,58752.0
Niger,2025,14870.6,3098.2,71376.0
Niger,2026,15369.1,2715.4,86988.9
Niger,2027,15884.4,2374.4,106266.9
Niger,2028,16417.0,2072.4,130049.1
Niger,2029,16967.4,1806.4,159373.5
Niger,2030,17536.3,1572.8,195522.8
Nigeria,2024,312805.9,76609.0,1277233.3
Nigeria,2025,355479.4,74065.3,1706138.2
Nigeria,2026,403974.5,71378.5,2286338.2
Nigeria,2027,459085.5,68627.4,3071068.2
Nigeria,2028,521714.7,65864.7,4132504.6
Nigeria,2029,592888.0,63126.0,5568481.2
Nigeria,2030,673770.8,60435.4,7511603.3
North Macedonia,2024,129.8,31.7,532.4
North Macedonia,2025,119.7,24.8,577.0
North Macedonia,2026,110.3,19.4,627.4
North Macedonia,2027,101.6,15.1,683.8
North Macedonia,2028,93.7,11.8,746.6
North Macedonia,2029,86.3,9.1,816.2
North Macedonia,2030,79.6,7.1,893.4
Northern Mariana Islands,2024,31.3,7.5,130.8
Northern Mariana Islands,2025,31.1,6.3,153.0
Northern Mariana Islands,2026,30.9,5.3,179.5
Northern Mariana Islands,2027,30.7,4.5,211.2
Northern Mariana Islands,2028,30.4,3.7,248.9
Northern Mariana Islands,2029,30.2,3.1,293.8
Northern Mariana Islands,2030,30.0,2.6,347.1
Norway,2024,107.6,26.2,441.6
Norway,2025,97.2,20.1,469.2
Norway,2026,87.9,15.4,500.2
Norway,2027,79.4,11.8,534.5
Norway,2028,71.7,9.0,572.1
Norway,2029,64.8,6.8,613.2
Norway,2030,58.6,5.2,658.1
Oman,2024,383.9,93.8,1570.6
Oman,2025,389.6,81.0,1873.9
Oman,2026,395.4,69.7,2242.9
Oman,2027,401.2,59.8,2691.0
Oman,2028,407.1,51.3,3234.3
Oman,2029,413.2,43.9,3892.6
Oman,2030,419.3,37.5,4690.1
Pakistan,2024,536809.9,131469.8,2191870.7
Pakistan,2025,576388.1,120092.6,2766392.0
Pakistan,2026,618884.4,109351.4,3502634.3
Pakistan,2027,664513.9,99336.7,4445274.6
Pakistan,2028,713507.6,90078.3,5651676.3
Pakistan,2029,766113.6,81570.1,7195409.2
Pakistan,2030,822598.1,73785.2,9170778.0
Palau,2024,14.4,3.4,61.9
Palau,2025,14.7,2.9,74.5
Palau,2026,14.9,2.5,89.9
Palau,2027,15.2,2.1,108.8
Palau,2028,15.4,1.8,131.8
Palau,2029,15.7,1.5,160.0
Palau,2030,16.0,1.3,194.4
Panama,2024,1939.1,474.7,7920.8
Panama,2025,1978.0,411.9,9497.5
Panama,2026,2017.6,356.3,11424.3
Panama,2027,2058.0,307.5,13774.5
Panama,2028,2099.3,264.9,16637.7
Panama,2029,2141.3,227.8,20124.0
Panama,2030,2184.2,195.8,24367.2
Papua New Guinea,2024,96621.7,23662.9,394530.9
Papua New Guinea,2025,125216.4,26088.4,601000.1
Papua New Guinea,2026,162273.5,28671.1,918439.5
Papua New Guinea,2027,210297.6,31435.4,1406855.1
Papua New Guinea,2028,272534.1,34404.7,2158853.6
Papua New Guinea,2029,353189.1,37602.6,3317390.4
Papua New Guinea,2030,457713.7,41053.0,5103198.9
Paraguay,2024,3333.1,816.1,13612.8
Paraguay,2025,3450.8,718.8,16566.7
Paraguay,2026,3572.7,631.1,20226.0
Paraguay,2027,3698.9,552.8,24751.6
Paraguay,2028,3829.5,483.3,30344.1
Paraguay,2029,3964.7,422.0,37251.5
Paraguay,2030,4104.7,368.0,45781.0
Peru,2024,32435.1,7943.5,132440.3
Peru,2025,34437.0,7174.9,165286.1
Peru,2026,36562.5,6460.1,206935.4
Peru,2027,38819.2,5802.8,259690.4
Peru,2028,41215.1,5203.1,326476.6
Peru,2029,43759.0,4658.9,411005.6
Peru,2030,46459.8,4167.1,517983.5
Philippines,2024,613273.9,150196.6,2504083.8
Philippines,2025,672749.6,140169.9,3228881.4
Philippines,2026,737993.3,130396.9,4176741.7
Philippines,2027,809564.4,121019.9,5415591.1
Philippines,2028,888076.5,112117.1,7034431.4
Philippines,2029,974202.7,103725.9,9149801.2
Philippines,2030,1068681.6,95858.3,11914252.3
Portugal,2024,1418.5,347.3,5794.4
Portugal,2025,1356.9,282.6,6515.7
Portugal,2026,1298.0,229.2,7350.2
Portugal,2027,1241.7,185.5,8311.0
Portugal,2028,1187.8,149.9,9414.3
Portugal,2029,1136.2,120.9,10678.8
Portugal,2030,1086.9,97.4,12126.3
Qatar,2024,1041.1,232.0,4671.9
Qatar,2025,1119.6,205.1,6111.0
Qatar,2026,1204.0,180.5,8031.0
Qatar,2027,1294.8,158.3,10589.9
Qatar,2028,1392.4,138.5,13998.8
Qatar,2029,1497.4,120.9,18539.4
Qatar,2030,1610.3,105.5,24588.2
Republic of Korea,2024,16918.4,4143.3,69082.3
Republic of Korea,2025,15575.5,3245.1,74757.5
Republic of Korea,2026,14339.1,2533.5,81156.7
Republic of Korea,2027,13200.9,1973.3,88311.5
Republic of Korea,2028,12153.1,1534.2,96268.6
Republic of Korea,2029,11188.4,1191.2,105087.7
Republic of Korea,2030,10300.3,923.9,114839.5
Republic of Moldova,2024,1461.3,357.8,5969.1
Republic of Moldova,2025,1340.6,279.2,6436.9
Republic of Moldova,2026,1229.8,217.2,6963.6
Republic of Moldova,2027,1128.2,168.6,7551.1
Republic of Moldova,2028,1035.0,130.6,8202.8
Republic of Moldova,2029,949.5,101.0,8923.0
Republic of Moldova,2030,871.1,78.1,9717.1
Romania,2024,8043.0,1969.7,32843.2
Romania,2025,7587.9,1580.8,36421.3
Romania,2026,7158.5,1264.7,40518.0
Romania,2027,6753.5,1009.5,45181.7
Romania,2028,6371.3,804.3,50472.3
Romania,2029,6010.8,639.9,56460.2
Romania,2030,5670.7,508.6,63227.3
Russian Federation,2024,37091.2,9083.9,151450.5
Russian Federation,2025,34318.5,7150.3,164715.1
Russian Federation,2026,31753.1,5610.4,179712.6
Russian Federation,2027,29379.5,4391.8,196537.9
Russian Federation,2028,27183.3,3431.7,215322.3
Russian Federation,2029,25151.3,2677.9,236227.9
Russian Federation,2030,23271.2,2087.3,259445.4
Rwanda,2024,7675.1,1879.5,31341.6
Rwanda,2025,7924.6,1650.9,38038.9
Rwanda,2026,8182.3,1445.6,46314.4
Rwanda,2027,8448.4,1262.8,56523.3
Rwanda,2028,8723.1,1101.1,69105.8
Rwanda,2029,9006.7,958.8,84605.9
Rwanda,2030,9299.6,834.0,103695.4
Samoa,2024,13.5,2.4,77.3
Samoa,2025,12.9,1.8,89.9
Samoa,2026,12.3,1.4,104.7
Samoa,2027,11.8,1.1,122.3
Samoa,2028,11.3,0.9,143.0
Samoa,2029,10.8,0.7,167.5
Samoa,2030,10.3,0.5,196.3
Sao Tome and Principe,2024,122.2,29.8,501.6
Sao Tome and Principe,2025,119.3,24.7,575.9
Sao Tome and Principe,2026,116.5,20.4,663.4
Sao Tome and Principe,2027,113.7,16.9,765.9
Sao Tome and Principe,2028,111.0,13.9,885.9
Sao Tome and Principe,2029,108.3,11.4,1026.1
Sao Tome and Principe,2030,105.8,9.4,1189.8
Saudi Arabia,2024,2436.8,596.6,9952.5
Saudi Arabia,2025,2361.7,491.9,11338.5
Saudi Arabia,2026,2289.0,404.3,12958.7
Saudi Arabia,2027,2218.4,331.5,14845.4
Saudi Arabia,2028,2150.1,271.3,17037.1
Saudi Arabia,2029,2083.8,221.8,19579.4
Saudi Arabia,2030,2019.6,181.1,22525.6
Senegal,2024,15291.6,3744.9,62440.7
Senegal,2025,15558.3,3241.5,74676.7
Senegal,2026,15829.7,2796.8,89595.1
Senegal,2027,16105.9,2407.5,107747.3
Senegal,2028,16386.8,2068.6,129808.5
Senegal,2029,16672.6,1775.0,156602.9
Senegal,2030,16963.5,1521.5,189133.6
Serbia,2024,640.9,156.8,2619.0
Serbia,2025,587.0,122.2,2819.9
Serbia,2026,537.6,94.9,3045.9
Serbia,2027,492.4,73.5,3297.7
Serbia,2028,451.0,56.9,3576.7
Serbia,2029,413.1,43.9,3884.7
Serbia,2030,378.3,33.9,4223.8
Seychelles,2024,16.1,3.8,68.5
Seychelles,2025,16.1,3.2,81.2
Seychelles,2026,16.2,2.7,96.5
Seychelles,2027,16.2,2.3,115.0
Seychelles,2028,16.3,1.9,137.4
Seychelles,2029,16.3,1.6,164.3
Seychelles,2030,16.4,1.4,196.7
Sierra Leone,2024,25980.5,6362.6,106086.0
Sierra Leone,2025,28537.3,5945.6,136971.7
Sierra Leone,2026,31345.8,5538.3,177413.2
Sierra Leone,2027,34430.7,5146.7,230337.0
Sierra Leone,2028,37819.2,4774.3,299582.6
Sierra Leone,2029,41541.1,4422.7,390183.6
Sierra Leone,2030,45629.4,4092.6,508737.6
Singapore,2024,2315.4,566.9,9457.1
Singapore,2025,2327.0,484.7,11172.5
Singapore,2026,2338.7,413.1,13241.3
Singapore,2027,2350.5,351.2,15730.2
Singapore,2028,2362.3,298.1,18720.2
Singapore,2029,2374.2,252.7,22309.3
Singapore,2030,2386.1,213.9,26615.6
Slovakia,2024,152.1,37.1,623.2
Slovakia,2025,141.1,29.3,679.8
Slovakia,2026,130.9,23.0,743.9
Slovakia,2027,121.4,18.1,816.0
Slovakia,2028,112.6,14.1,896.7
Slovakia,2029,104.5,11.1,986.7
Slovakia,2030,96.9,8.6,1087.0
Slovenia,2024,72.8,17.7,299.8
Slovenia,2025,68.7,14.2,332.5
Slovenia,2026,64.7,11.3,370.0
Slovenia,2027,61.0,9.0,412.6
Slovenia,2028,57.5,7.2,461.0
Slovenia,2029,54.2,5.7,515.8
Slovenia,2030,51.1,4.5,577.7
Solomon Islands,2024,241.0,58.9,986.6
Solomon Islands,2025,229.8,47.8,1106.2
Solomon Islands,2026,219.2,38.6,1244.3
Solomon Islands,2027,209.0,31.1,1402.9
Solomon Islands,2028,199.3,25.1,1584.6
Solomon Islands,2029,190.1,20.2,1792.2
Solomon Islands,2030,181.3,16.2,2029.3
Somalia,2024,20363.4,4987.0,83149.8
Somalia,2025,21226.8,4422.5,101883.2
Somalia,2026,22126.9,3909.4,125235.2
Somalia,2027,23065.1,3447.8,154302.5
Somalia,2028,24043.1,3035.2,190455.9
Somalia,2029,25062.6,2668.3,235404.9
Somalia,2030,26125.3,2343.2,291279.0
South Africa,2024,179340.1,43922.0,732272.2
South Africa,2025,170650.2,35555.5,819042.3
South Africa,2026,162381.4,28691.3,919014.5
South Africa,2027,154513.3,23097.8,1033620.6
South Africa,2028,147026.4,18561.6,1164594.7
South Africa,2029,139902.2,14895.7,1313977.7
South Africa,2030,133123.3,11940.8,1484135.8
South Sudan,2024,24484.2,5996.2,99976.6
South Sudan,2025,27153.4,5657.2,130329.7
South Sudan,2026,30113.5,5320.5,170439.5
South Sudan,2027,33396.4,4992.0,223419.0
South Sudan,2028,37037.1,4675.5,293389.8
South Sudan,2029,41074.8,4373.0,385806.3
South Sudan,2030,45552.6,4085.6,507885.9
Spain,2024,3210.1,785.9,13112.3
Spain,2025,3059.3,636.6,14701.1
Spain,2026,2915.6,513.9,16542.8
Spain,2027,2778.7,413.7,18665.5
Spain,2028,2648.2,332.3,21103.4
Spain,2029,2523.8,266.5,23897.4
Spain,2030,2405.2,213.5,27094.8
Sri Lanka,2024,8468.0,2073.7,34579.0
Sri Lanka,2025,8433.2,1756.9,40479.2
Sri Lanka,2026,8398.6,1483.8,47537.1
Sri Lanka,2027,8364.0,1250.2,55957.3
Sri Lanka,2028,8329.6,1051.5,65986.6
Sri Lanka,2029,8295.4,883.1,77921.0
Sri Lanka,2030,8261.3,740.9,92114.0
Sudan,2024,22454.3,5499.1,91687.9
Sudan,2025,24192.9,5040.5,116119.8
Sudan,2026,26066.1,4605.4,147530.9
Sudan,2027,28084.3,4198.0,187880.8
Sudan,2028,30258.8,3819.8,239693.8
Sudan,2029,32601.6,3470.9,306218.0
Sudan,2030,35125.8,3150.5,391631.1
Suriname,2024,116.1,28.3,476.7
Suriname,2025,114.1,23.6,550.9
Suriname,2026,112.1,19.7,638.6
Suriname,2027,110.1,16.3,742.1
Suriname,2028,108.2,13.5,863.9
Suriname,2029,106.3,11.2,1007.1
Suriname,2030,104.4,9.3,1175.3
Sweden,2024,324.9,79.4,1329.1
Sweden,2025,304.4,63.3,1463.9
Sweden,2026,285.2,50.3,1617.5
Sweden,2027,267.2,39.8,1791.5
Sweden,2028,250.3,31.5,1987.7
Sweden,2029,234.5,24.9,2208.4
Sweden,2030,219.7,19.6,2456.4
Switzerland,2024,329.2,59.4,1823.2
Switzerland,2025,312.1,42.5,2291.1
Switzerland,2026,295.8,30.1,2902.4
Switzerland,2027,280.4,21.3,3696.6
Switzerland,2028,265.8,15.0,4725.7
Switzerland,2029,252.0,10.5,6057.3
Switzerland,2030,238.8,7.3,7779.5
Syrian Arab Republic,2024,3104.8,760.2,12680.4
Syrian Arab Republic,2025,3119.2,649.7,14974.5
Syrian Arab Republic,2026,3133.6,553.5,17740.1
Syrian Arab Republic,2027,3148.1,470.5,21066.0
Syrian Arab Republic,2028,3162.7,399.1,25060.0
Syrian Arab Republic,2029,3177.3,338.2,29852.6
Syrian Arab Republic,2030,3192.0,286.2,35600.4
Tajikistan,2024,3948.9,967.0,16126.7
Tajikistan,2025,3823.3,796.5,18353.3
Tajikistan,2026,3701.7,653.9,20953.9
Tajikistan,2027,3583.9,535.6,23979.5
Tajikistan,2028,3469.8,438.0,27490.9
Tajikistan,2029,3359.5,357.6,31560.1
Tajikistan,2030,3252.6,291.7,36271.0
Thailand,2024,87926.4,21533.9,359018.5
Thailand,2025,90592.7,18875.2,434805.7
Thailand,2026,93339.8,16492.2,528269.9
Thailand,2027,96170.2,14376.1,643338.0
Thailand,2028,99086.4,12509.2,784869.5
Thailand,2029,102091.1,10869.8,958860.1
Thailand,2030,105186.9,9434.9,1172696.2
Timor-Leste,2024,6290.6,1540.4,25689.5
Timor-Leste,2025,6824.9,1421.7,32761.9
Timor-Leste,2026,7404.5,1308.1,41914.7
Timor-Leste,2027,8033.4,1200.6,53751.1
Timor-Leste,2028,8715.7,1100.1,69053.0
Timor-Leste,2029,9455.9,1006.5,88833.6
Timor-Leste,2030,10259.0,919.9,114404.9
Togo,2024,2921.3,715.3,11931.1
Togo,2025,2959.9,616.5,14209.9
Togo,2026,2998.9,529.7,16977.9
Togo,2027,3038.5,454.1,20333.0
Togo,2028,3078.6,388.5,24394.6
Togo,2029,3119.2,332.0,29307.9
Togo,2030,3160.4,283.4,35249.1
Trinidad and Tobago,2024,238.5,58.2,976.8
Trinidad and Tobago,2025,238.6,49.6,1149.1
Trinidad and Tobago,2026,238.7,42.0,1356.1
Trinidad and Tobago,2027,238.8,35.6,1604.1
Trinidad and Tobago,2028,238.9,30.0,1900.9
Trinidad and Tobago,2029,239.0,25.3,2255.7
Trinidad and Tobago,2030,239.1,21.3,2679.7
Turkmenistan,2024,1989.5,487.1,8126.0
Turkmenistan,2025,1956.3,407.5,9392.8
Turkmenistan,2026,1923.7,339.8,10891.7
Turkmenistan,2027,1891.6,282.6,12659.7
Turkmenistan,2028,1860.1,234.7,14740.9
Turkmenistan,2029,1829.1,194.6,17187.9
Turkmenistan,2030,1798.6,161.2,20063.0
Türkiye,2024,9080.2,2223.7,37078.2
Türkiye,2025,8771.0,1827.3,42100.0
Türkiye,2026,8472.4,1496.9,47954.5
Türkiye,2027,8184.0,1223.3,54751.8
Türkiye,2028,7905.4,997.9,62624.3
Türkiye,2029,7636.2,813.0,71727.7
Türkiye,2030,7376.3,661.6,82243.9
Uganda,2024,99988.0,24487.8,408268.7
Uganda,2025,109902.7,22898.4,527486.4
Uganda,2026,120800.5,21344.1,683689.2
Uganda,2027,132778.9,19848.6,888237.1
Uganda,2028,145945.1,18424.9,1156043.0
Uganda,2029,160416.8,17079.7,1506671.6
Uganda,2030,176323.5,15815.6,1965783.5
Ukraine,2024,14416.8,3530.7,58868.4
Ukraine,2025,13606.4,2834.8,65307.0
Ukraine,2026,12841.4,2268.9,72680.8
Ukraine,2027,12119.5,1811.6,81077.9
Ukraine,2028,11438.2,1444.0,90606.7
Ukraine,2029,10795.2,1149.3,101395.3
Ukraine,2030,10188.3,913.8,113591.9
United Arab Emirates,2024,66.2,16.0,272.9
United Arab Emirates,2025,65.7,13.5,319.0
United Arab Emirates,2026,65.2,11.4,374.0
United Arab Emirates,2027,64.8,9.6,439.5
United Arab Emirates,2028,64.4,8.0,517.5
United Arab Emirates,2029,63.9,6.7,610.2
United Arab Emirates,2030,63.5,5.6,720.2
United Kingdom of Great Britain and Northern Ireland,2024,4172.7,1021.8,17040.2
United Kingdom of Great Britain and Northern Ireland,2025,3992.8,831.8,19166.8
United Kingdom of Great Britain and Northern Ireland,2026,3820.7,675.0,21627.5
United Kingdom of Great Britain and Northern Ireland,2027,3656.0,546.4,24461.6
United Kingdom of Great Britain and Northern Ireland,2028,3498.4,441.6,27716.6
United Kingdom of Great Britain and Northern Ireland,2029,3347.6,356.3,31448.0
United Kingdom of Great Britain and Northern Ireland,2030,3203.3,287.3,35720.7
United Republic of Tanzania,2024,99016.4,24249.9,404300.5
United Republic of Tanzania,2025,103575.4,21580.2,497117.1
United Republic of Tanzania,2026,108344.4,19143.3,613190.5
United Republic of Tanzania,2027,113333.0,16941.7,758149.5
United Republic of Tanzania,2028,118551.3,14966.6,939051.1
United Republic of Tanzania,2029,124009.8,13203.5,1164724.2
United Republic of Tanzania,2030,129719.7,11635.4,1446203.7
Uruguay,2024,1231.3,301.4,5030.9
Uruguay,2025,1275.6,265.6,6126.9
Uruguay,2026,1321.6,233.3,7485.5
Uruguay,2027,1369.1,204.5,9166.9
Uruguay,2028,1418.4,178.9,11246.1
Uruguay,2029,1469.5,156.3,13815.9
Uruguay,2030,1522.4,136.4,16991.5
Uzbekistan,2024,13049.5,3195.8,53285.8
Uzbekistan,2025,12824.6,2671.9,61555.4
Uzbekistan,2026,12603.5,2226.8,71335.2
Uzbekistan,2027,12386.3,1851.5,82863.7
Uzbekistan,2028,12172.8,1536.7,96427.2
Uzbekistan,2029,11963.0,1273.6,112365.9
Uzbekistan,2030,11756.7,1054.5,131081.6
Vanuatu,2024,86.9,21.1,357.5
Vanuatu,2025,85.4,17.6,413.5
Vanuatu,2026,84.0,14.7,479.8
Vanuatu,2027,82.6,12.2,558.0
Vanuatu,2028,81.2,10.1,650.2
Vanuatu,2029,79.8,8.4,758.6
Vanuatu,2030,78.5,6.9,886.1
Venezuela (Bolivarian Republic of),2024,12238.6,2997.2,49975.4
Venezuela (Bolivarian Republic of),2025,12878.2,2683.0,61814.2
Venezuela (Bolivarian Republic of),2026,13551.3,2394.2,76701.3
Venezuela (Bolivarian Republic of),2027,14259.5,2131.4,95398.2
Venezuela (Bolivarian Republic of),2028,15004.8,1894.1,118864.7
Venezuela (Bolivarian Republic of),2029,15789.0,1680.9,148308.1
Venezuela (Bolivarian Republic of),2030,16614.1,1490.1,185246.2
Viet Nam,2024,101987.7,24977.6,416432.3
Viet Nam,2025,102057.4,21263.9,489830.3
Viet Nam,2026,102127.1,18044.8,578001.7
Viet Nam,2027,102196.9,15277.1,683652.5
Viet Nam,2028,102266.8,12910.8,810058.8
Viet Nam,2029,102336.7,10896.0,961163.3
Viet Nam,2030,102406.6,9185.6,1141695.6
Yemen,2024,10594.5,2594.5,43261.9
Yemen,2025,10717.4,2232.8,51442.2
Yemen,2026,10841.6,1915.5,61364.2
Yemen,2027,10967.3,1639.3,73372.5
Yemen,2028,11094.4,1400.5,87887.4
Yemen,2029,11223.0,1194.8,105419.2
Yemen,2030,11353.1,1018.2,126585.9
Zambia,2024,49892.6,12219.0,203721.4
Zambia,2025,51335.0,10695.7,246387.7
Zambia,2026,52819.1,9332.5,298939.6
Zambia,2027,54346.1,8123.9,363555.5
Zambia,2028,55917.2,7059.2,442927.8
Zambia,2029,57533.7,6125.6,540374.3
Zambia,2030,59197.0,5309.7,659977.1
Zimbabwe,2024,16682.1,4085.5,68117.6
Zimbabwe,2025,15670.2,3264.8,75212.4
Zimbabwe,2026,14719.7,2600.7,83310.8
Zimbabwe,2027,13826.8,2066.8,92498.8
Zimbabwe,2028,12988.1,1639.6,102883.4
Zimbabwe,2029,12200.3,1298.9,114592.1
Zimbabwe,2030,11460.3,1027.9,127772.2
"occupied Palestinian territory, including east Jerusalem",2024,16.6,3.7,75.3
"occupied Palestinian territory, including east Jerusalem",2025,15.1,2.7,83.1
"occupied Palestinian territory, including east Jerusalem",2026,13.8,2.1,92.2
"occupied Palestinian territory, including east Jerusalem",2027,12.5,1.5,102.7
"occupied Palestinian territory, including east Jerusalem",2028,11.4,1.1,114.7
"occupied Palestinian territory, including east Jerusalem",2029,10.4,0.8,128.4
"occupied Palestinian territory, including east Jerusalem",2030,9.5,0.6,144.0
